status,title
Salah,Keputusan KPU Batal Secara Hukum
Salah,Risma beberkan Jokowi gunakan bansos Rp400 triliun untuk kemenangan Prabowo-Gibran
Salah,"Video Demo Ricuh di DPR pada 2019, Bukan Maret 2024"
Salah,Demo Ricuh Dalam Video Ini Desak Hak Angket
Salah,Risma beberkan Jokowi gunakan bansos Rp400 triliun untuk kemenangan Prabowo-Gibran
Salah,"Video Demo Ricuh di DPR pada 2019, Bukan Maret 2024"
Salah,Demo Ricuh Dalam Video Ini Desak Hak Angket
Salah,Risma beberkan Jokowi gunakan bansos Rp400 triliun untuk kemenangan Prabowo-Gibran
Salah,"Video Demo Ricuh di DPR pada 2019, Bukan Maret 2024"
Salah,Harga Beras Naik Karena Diborong PDIP untuk Kampanye
Salah,Risma beberkan Jokowi gunakan bansos Rp400 triliun untuk kemenangan Prabowo-Gibran
Salah,"Video Demo Ricuh di DPR pada 2019, Bukan Maret 2024"
Salah,Video Adian Napitupulu Dihalang-halangi Saat Sidak ke Kantor KPU
Salah,Penyebab Kebakaran Asrama Polisi di Aceh Belum Diketahui
Salah,Video Perayaan Kemenangan Pendukung Anies-Muhaimin Setelah Memperoleh 49 Persen Real Count
Salah,Massa membakar Gedung Bawaslu tolak hasil Pemilu 2024
Salah,“KEJAHATAN KECURANGAN TSM PEMILU 14 FEBRUARI 2024 Yang Di TUTUPI”
Salah,Jokowi perintahkan pendemo Pemilu 2024 ditangkap
Salah,"Anies-Muhaimin unggul 89,9 persen dalam &quot;real count&quot; 13 Maret"
Salah,Perhitungan suara dihentikan karena KPU temukan kecurangan
Salah,Pidato Presiden China meminta Pulau Kalimantan sebagai jaminan utang
Salah,Video demo meminta diskualifikasi paslon Prabowo-Gibran dari Pemilu 2024
Salah,Video penyetujuan usulan hak angket pada awal Maret 2023
Salah,Video Surya Paloh Mencium Tangan Jokowi dengan Klaim Demi Jabatan
Salah,Mahfud MD Akui Kemenangan Prabowo-Gibran
Salah,Michelle Obama Jadi Capres AS 2024
Salah,"Pernyataan Jokowi ""Tangkap Mereka"" Tidak Terkait Demo Pemilu"
Salah,"Pernyataan Gus Dur soal ""KPU Isinya Maling"" Disebar dengan Konteks Keliru"
Salah,PENGHITUNGAN SUARA DIHENTIKAN KARENA KECURANGAN PEMILU TERBONGKAR
Salah,"Real Count AMIN Unggul 56,5%"
Salah,Kades di NTB Diamuk Massa karena Lakukan Kecurangan Pemilu
Salah,Video yang Diklaim Unjuk Rasa di Depan Kantor KPU pada 1 Maret 2024
Salah,ICW dan Lokataru dijaga Polisi karena Kritis terhadap Pemilu 2024
Salah,“Cak Imin dan Prabowo sudah istighotsah bareng tinggal yang lain belum”
Salah,Tim Pemenangan Anies-Muhaimin Dideklarasikan Sebelum Tim Hukum
Salah,“Video kondisi Demo pada tanggal 1 Maret 2024”
Salah,“Kepala Desa Diamuk Warga karena Kecurangan Pemilu Paslon 02 di NTB”
Salah,KPU Memajukan Jadwal Penetapan Hasil Pemilu 2024 pada 28 Februari 
Salah,"Video Jokowi Joget Oke Gas, Terdapat Bendera China dan Pemilu 2024 Terdapat Intervensi China"
Salah,KPPS Jawa Timur Akui Gelembungkan Suara Paslon 02
Salah,Video Soeharto Berkomentar tentang Kondisi Demokrasi Indonesia
Salah,Video yang Diklaim Menunjukkan Cara Kerja Chart Penggelembungan Suara Pilpres 2024
Salah,Gibran Mengamuk karena Adian Tunjukkan Bukti Kecurangan Pemilu
Salah,Video KPPS di Jawa Timur Akui Gelembungkan Suara Paslon 2
Salah,Video Anies-Muhaimin Ucapkan Selamat ke Prabowo Tidak Terkait Pilpres
Salah,KUBU GANJAR ANIES PAPARKAN BUKTI KECURANGAN PEMILU 2024 DI HAK ANGKET
Salah,KPU Memajukan Jadwal Penetapan Hasil Pemilu 2024 pada 28 Februari
Salah,Hashim Sebut Anies-Muhaimin Akan Menang dan Gibran Pemicu Kekalahan Prabowo
Salah,Video Pertemuan Surya Paloh dan Puan Sebelum Pilpres 2024
Salah,Panser dan TANK diturunkan untuk Amankan KPU dan BAWASLU dari Mahasiswa dan Rakyat yang akan DEMO
Salah,Video Kerusuhan di KPU dan Bawaslu Terkait Kecurangan Pemilu 2024
Salah,dalam Video Ini Puan Maharani Bacakan Hak Angket Kecurangan Pemilu dan Pemakzulan Presiden
Salah,Video Xi Jinping Minta Jokowi Serahkan Tanah di Kalimantan sebagai Jaminan
Salah,Gedung Bawaslu RI Dibakar Pengunjuk Rasa Terkait Pemilu 2024
Salah,Jadwal Penetapan Hasil Pemilu 2024 Dimajukan Menjadi 28 Februari 2024 dari 20 Maret
Salah,Video Berisi Klaim Surya Paloh Berpidato Menyesal Usung Anies Baswedan
Salah,Video Jokowi Joget di Vietnam Dibagikan dengan Konteks Keliru
Salah,Video Kerusuhan Demo Penolakan Hasil Pemilu 2024
Salah,Video Caleg Stres karena Tak Dapat Suara di Bengkulu
Salah,Aksi Tolak Pemilu Curang Habib Rizieq Buat Istana Panik
Salah,Foto “Presiden Jokowi Panggil Semua Ketum Parpol ke Istana”
Salah,"Rapat Internal Bocor, Awal Januari 2024 Suara Hasil Pemilu Sudah Diketahui Angkanya"
Salah,"Jadi Olok-Olokan Internasional: Di Indonesia, Hasil Pemilu Sudah Diketahui Sebelum Pelaksanaan"
Salah,Video Warga Baduy Turun Kota Siap Lawan Preman Pemilu
Salah,BOCOOR !! HASIL PEMILU 2024 SUDAH DITENTUKAN DARI 5 JANUARI 2024
Salah,"Foto Pertemuan Jokowi dan Ketum Parpol pada 2022, Bukan Usai Pemilu"
Salah,"Darurat Keamanan Nasional, TNI Dikerahkan Amankan Bawaslu"
Salah,Video Berisi Klaim Gedung Bawaslu RI Dibakar Pengunjuk Rasa Terkait Pemilu 2024
Salah,Video Berisi Klaim Real Count Per 23 Februari Mencapai 90 Persen
Salah,"Grafik Hasil Hitung Cepat Litbang Kompas Anies 60.15%, Prabowo 21.47%, dan Ganjar 18.38%"
Salah,Video Ormas Jaga KPU dan Istana dari Pedemo Pemilu
Salah,ORMAS HERCULES JAGA KPU DAN ISTANA DARI PENDEMO PEMILU
Salah,Video Kecurangan Pemilu 2024: “BOCOR LAGI.. Ternyata data KPU 2024 sudah jadi”
Salah,AKTIVIS 98 PIMPIN AKSI DEMO MAHASISWA KE KPU
Salah,Prabowo Akui Pemilu 2024 Ada Kecurangan
Salah,Video Warga Baduy Siap Lawan Preman Pemilu
Salah,Video Pemuda Pancasila Demo di KPU Tasikmalaya
Salah,Video Muhaimin Disambut Pelukan Prabowo Terjadi Sebelum Pilpres
Salah,Video yang Diklaim Hercules Marshal Jaga Istana Presiden Setelah Pemilu 2024
Salah,Video yang Diklaim Unjuk Rasa Menolak Hasil Pemilu di Gedung DPR RI pada 20 Februari 2024
Salah,Pasukan Pemuda Pancasila Mendemo KPU Tasikmalaya Karena Kecurangan Pemilu 2024
Salah,Pelaksanaan Jadwal Dari KPU Pilpres Putaran Kedua
Salah,“LAUTAN PENDUKUNG AMIN DILUAR STADION JIS”
Salah,Jogyakarta Jum'at 23 Pebruari 2024 Sudah Bergerak Lawan Kecurangan Pemilu
Salah,"Video “Tak Terima Kekalahan, Anies Baswedan Ikut Turun dan Pimpin Demo”"
Salah,ROCKY GERUNG TUNJUKKAN VIDEO KECURANGAN PEMILU DARI KPU DAN BAWASLU
Salah,“PRABOWO DAN SURYA PALOH BERSATU UNTUK INDONESIA EMAS”
Benar,KECURANGAN PEMILU 2024 MULAI DIUSUT BIKIN PRABOWO PANIK TOTAL
Salah,"Ribuan Masyarakat Baduy Berbondong ke Kota untuk Bela Anies
"
Salah,Prabowo Mengakui Kecurangan Pemilu 2024
Salah,Paslon Nomor Urut 2 Gugur karena Lakukan Kecurangan
Salah,"Video Pertemuan Prabowo dan Surya Paloh pada 2019, Bukan Setelah Pemilu 2024"
Salah,Pesan Tom Lembong soal Anies-Muhaimin Menang Satu Putaran
Salah,Anies Pimpin Demo Penolakan Hasil Pemilu
Benar,Foto yang Memuat Teks Partai Buruh Dianulir di Dapil Jawa Tengah III
Salah,Prabowo Mengakui Kecurangan Pemilu 2024
Salah,Syukurlah para aktivis demokrasi saat ini Selasa (20 Feb. 2024) sedang MENGGERUDUK Gedung DPR
Salah,Ucapan Selamat Muhaimin Tidak Terkait Kemenangan Prabowo di Pemilu
Salah,Kejanggalan Pencarian DPT dengan Angka Acak di Website KPU RI
Salah,Alumni Trisakti Dukung Jokowi pada 2 Februari 2024 Setelah Banyak Akademisi Menyampaikan Petisi dan Kritik
Salah,Pemilu Ditunda dan Prabowo-Gibran Didiskualifikasi Pada Awal Februari
Salah,"Surya Paloh Menyesal, Usung Anies Adalah Kesalahan dan Kebodohan"
Salah,Foto Caleg Menjadi Pasien RSJ karena Gagal di Pemilu 2024
Salah,Penjelasan soal Surat Suara Bergambar Palu Arit
Salah,Video Pemuda Pancasila Tasikmalaya Demo KPU
Benar,"Video Seorang Pria Memasukkan Surat Suara dari Kantong Plastik ke Kotak Suara di TPS Pidie, Aceh"
Benar,Video Surat Suara Pemilu 2024 Dicoblos Sejumlah Anak di Luar TPS 
Salah,Video yang Diklaim Warga Makassar Tangkap Pemilih Siluman pada Pemilu 14 Februari 2024
Salah,Surat Suara KPU Bergambar Palu Arit Tanda PKI Terlibat Pemilu 2024
Salah,"Video “HARI INI Ditemukan oleh RELAWAN ANIES, di Makassar soal rencana curang Pemilu 2024”"
Salah,Siswa STIN diarahkan untuk melakukan pemalsuan informasi dan dokumen agar terdaftar sebagai pemilih di wilayah Kabupaten Bogor
Salah,Penjelasan PPLN Jeddah dan Bawaslu soal Video Surat Suara Tercoblos di Mekkah
Benar,"Video yang berisi Logistik Pemilu di Distrik Kebo, Paniai, Dibakar"
Salah,Konten yang Diklaim Perbedaan Input Jumlah Suara Capres-Cawapres di TPS 34 Rengas
Salah,Klaim Video Kerusuhan di Solo Setelah Pemilu 2024 pada 15 Februari 2024
Salah,Video Pria Terjun dari Menara Pemancar Bukan Caleg PDI-P Jawa Timur
Salah,Penjelasan soal Surat Suara Sudah Tercoblos Paslon 2 di Kabupaten Bogor
Salah,Penjelasan soal Kabar Surat Suara di Sampang Sudah Dicoblos
Salah,dalam Video Ini Ketua KPPS di Madura Dibacok karena Warga Satu Desa Tidak Bisa Mencoblos Saat Pemilu 2024
Salah,Video Pernyataan SBY Tolak Pilpres 1 Putaran Ini Telah Dimanipulasi
Salah,Foto Amplop Uang Berlogo Partai Sudah Beredar pada Maret 2023
Salah,Pernyataan Lama Ajakan Gibran untuk Pilih Ganjar
Salah,Surat Suara Tercoblos di Sampang Sebelum Pemilu 2024
Salah,02 Curang Surat Suara Tercoblos di Sumenep Sebelum Pemilu 2024
Salah,Foto Sri Mulyani Saat Pemilu 2019 Disebarkan dengan Konteks Keliru
Salah,Klarifikasi KPUD Jatim soal Surat Suara Tercoblos di Sampang Sebelum Pemungutan Suara Pemilu 2024
Salah,Video Berisi Klaim Proses Penghitungan Suara Pemilu 2024 
Salah,Video Lansia di Madura Dipengaruhi Saat Mencoblos
Salah,Video Berisi Klaim Satu Desa di Madura Tak Dapat Undangan Mencoblos dan Semua Surat Suara Tercoblos Sebelum Pemilihan Pemilu 2024
Salah,Video Berisi Klaim Perayaan Kemenangan Kandidat 02 di Malaysia pada 13  Februari 2024
Salah,Video Berisi Klaim Perayaan Kemenangan Kandidat 02 di Malaysia pada 13 Februari 2024
Salah,Klarifikasi KPUD Jatim soal Surat Suara Tercoblos di Sampang Sebelum Pemungutan Suara Pemilu 2024
Salah,Hasil Survei Pilpres 2024 dari Guru Besar IPB
Salah,KPU Berhenti Edarkan Surat Undangan Mencoblos
Salah,dalam Foto Ini Sri Mulyani Mencoblos Pemilu 2024 di Amerika Serikat
Salah,Klarifikasi Klaim Video Surat Suara di Makkah Sudah Tercoblos Nomor 2
Benar,Pesan Berantai tentang Situs Goodkind.id untuk Mengenali Calon Legislatif
Salah,Klarifikasi Klaim Video Surat Suara di Makkah Sudah Tercoblos Nomor 2
Salah,"Pemilu di KBRI Malaysia 02 Berjaya, Prabowo-Gibran Diklaim Menang Mutlak"
Salah,Hasil Survei Pilpres 2024 dari Guru Besar IPB
Salah,Hoaks Hasil Penghitungan Suara Pemilu 2024 di Luar Negeri
Salah,"Warga Sampang Ricuh karena Surat Suara Sudah Tercoblos, KPU Ungkap Kronologi Sebenarnya"
Benar,Pemilih Boleh Buka dan Cek Surat Suara Sebelum Masuk Bilik Pencoblosan
Benar,Pesan Berantai tentang Situs Goodkind.id untuk Mengenali Calon Legislatif
Salah,"Sri Mulyani Mencoblos di AS, Salam Satu Jari 'Kode Alam Semesta'"
Salah,File APK Data TPS Pemilu 2024
Benar,Video Surat Suara Pemilu 2024 yang Dicoblos Secara Ilegal di Malaysia
Salah,Microsoft akan menonaktifkan komputer yang berbagi konten Anti – Mainstream demi mengurangi Mis-Informasi konten menjelang PEMILU 2024
Salah,"Hasil Pemungutan Suara di Luar Negeri Menunjukkan Prabowo-Gibran Menang Telak
"
Salah,“Hasil Perhitungan Surat Suara pemilu di Luar Negeri”
Salah,KPU Tak Lagi Keluarkan Undangan Fisik untuk Mencoblos dalam Pemilu 2024
Salah,Pesan WhatsApp Pemberitahuan Pemilu 2024 Tidak Menggunakan Undangan Fisik
Salah,"Hasil Hitung Suara Sebelum 14 Februari di Taiwan dan Malaysia, Prabowo-Gibran Unggul"
Salah,Foto Anies Baswedan Ajak Pendukungnya Coblos Pasangan Prabowo - Gibran
Salah,Microsoft Menonaktifkan Komputer yang Sebar Konten Antimainstream
Salah,Prabowo-Gibran Didiskualifikasi di Pilpres 2024
Salah,Cincin Perusak Surat Suara Pemilu 2024
Salah,Konten TikTok soal Alumni Trisakti Deklarasi Dukung Jokowi
Salah,“DKPP Putuskan Gibran Tidak Sah Mengikuti Pilpres 2024”
Salah,Foto yang Diklaim Presiden Jokowi Bagi-Bagi Sembako di Depan Istana Merdeka Saat Pemilu 2024
Salah,Klaim Prabowo Subianto bahwa Ada RS di Atambua Hanya Dilayani Satu Dokter
Benar,Anies Baswedan Sebut Ada 171 Kecamatan di 8 Provinsi Belum Miliki Puskesmas
Salah,Sidang DKPP Putuskan Gibran Tidak Sah Mengikuti Pilpres 2024
Salah,Klaim Anies Baswedan bahwa 45 Juta Orang Indonesia Belum Bekerja dengan Layak dan 70 Juta tidak Punya Jaminan Sosial
Benar,Klaim Prabowo Subianto bahwa Indonesia Kekurangan 140 ribu Dokter
Benar,Prabowo Sebut Stroke dan Jantung Jadi Penyebab Utama Kematian di Indonesia
Benar,"Ganjar Sebut Cegah Stunting dengan Gizi Sejak Dalam Kandungan, Benarkah?"
Benar,Ganjar Pranowo Sebut Pernah Membebaskan Pekerja Migran Indonesia Bermasalah
Benar,"Anies Baswedan Ada 3,2Juta Kasus Kekerasan pada Perempuan Selama 8 Tahun Terakhir"
Benar,"Anies Baswedan Sebut Ada 1,6 Juta Guru Belum Tersertifikasi"
Benar,Prabowo Subianto Sebut Dokter Spesialis Jantung dan Stroke Belum Merata
Benar,Ganjar Sebut Buruh Menuntut Revisi UU Cipta Kerja
Salah,Foto Anies Baswedan dan Titiek Soeharto Berpose 3 Jari Saat Pilkada
Salah,Video Surya Paloh Menyesal Usung Anies sebagai Capres
Salah,Klaim Ganjar Pranowo Ketersediaan Dokter Belum Memadai karena Hanya Ada 120 Ribu Dokter
Salah,Video Jokowi Bagi-bagi Amplop Uang ke Tukang Becak pada Masa Kampanye 2024
Salah,Jokowi Bagikan Sembako di Depan Istana Jelang Pemilu 2024
Salah,Kyai Yang Doakan Prabowo Gibran Meninggal Dunia
Salah,Video Pembagian Sembako Oleh Presiden Jokowi Dalam Rangka Pemilu
Salah,Foto Presiden Jokowi Bagikan Sembako di Depan Istana Merdeka Terkait Pemilu 2024
Salah,Rekaman Suara Surya Paloh Memarahi Anies Baswedan
Salah,“Sangat aneh KPU sekarang ini karena sudah coblosan duluan?… Demokrasi ala JokoSontolol”
Salah,PRABOWO CAPAI 80 PERSEN SUARA DIHASIL PEMILU 2024 TAIWAN
Benar,Video tentang WNI di Taipei Lapor Surat Suara Dalam Amplop Telah Tercoblos
Salah,"Klaim Gibran tentang impor Beras, Ekstensifikasi, dan Intensifikasi Lahan Pertanian "
Benar,"Mahfud MD: Impor Pangan di Era Jokowi Makin Banyak, Benarkah?"
Salah,"Muhaimin: Tenaga Asing Dominasi Industri Hilirisasi Pertambangan, Benarkah?"
Benar,Mahfud MD Sebut Impor Pangan pada Masa Jokowi Semakin Banyak
Salah,Muhaimin Sebut Industri Nikel Lebih Banyak Pekerjakan Tenaga Kerja Asing
Salah,Klaim Gibran Rakabuming bahwa Food Estate Gunung Mas Berhasil karena Telah Panen Jagung dan Singkong
Salah,Klaim Mahfud MD bahwa 20 Ribu Masyarakat Adat di Kaltim Tak Bisa Mencoblos karena Tak Punya KTP dan Sertifikat
Salah,Mahfud Sebut Laju Deforestasi Indonesia Tertinggi di Dunia
Salah,Mahfud Sebut Laju Deforestasi Indonesia Tertinggi di Dunia
Salah,"Gibran Sebut 1,5 Juta Hektar Hutan Adat Sudah Diakui Pemerintah"
Salah,Kedatangan Pengungsi Rohingya untuk Menambah Suara di Pemilu
Salah,Klaim EBT Indonesia Mencakup 3686 Gigawatt
Salah,"Klaim Gibran Rakabuming soal 1,5 Juta Hektare Hutan Adat yang Sudah Diakui"
Salah,Klaim Gibran soal Biodiesel B35 dan B40 Turunkan Impor Minyak dan Lebih Ramah Lingkungan
Salah,Klaim Gibran Rakabuming bahwa Angka Desa Tertinggal Turun karena Dana Desa  
Salah,"Mahfud MD Sebut Laju Penggundulan Hutan di Indonesia Tertinggi di Dunia, Benarkah?"
Benar,"Mahfud MD Sebut 17 Juta Petani Rerata Hanya Kuasai 0,5 Hektare"
Salah,"Gibran Sebut 1,5 Juta Hektar Hutan Adat Sudah Diakui, Ini Faktanya"
Salah,"Gibran Sebut 1,5 Juta Hektar Hutan Adat Sudah Diakui Pemerintah"
Benar,Mahfud MD Sebut Deforestasi dalam 10 Tahun Terakhir Lebih Luas dari 23 Kali Pulau Madura
Salah,"Klaim Gibran Rakabuming soal 1,5 Juta Hektare Hutan Adat yang Sudah Diakui"
Benar,Muhaimin Sebut 13.000 Desa Sudah Maju dan Mandiri
Benar,Gibran Sebut Potensi EBT Indonesia Mencapai 3.686 Gigawatt
Benar,Gibran Sebut Ada 5 Juta Peluang Green Jobs
Benar,Muhaimin Iskandar Target Energi Baru dan Terbarukan Turun 17 Persen
Benar,Gibran Sebut Dana Desa Turunkan Jumlah Desa Tertinggal
Salah,Prabowo Siapkan 4000 Amplop Cap Jempol untuk Serangan Fajar
Salah,“Video 19 Pengungsi Rohingya Ditangkap Polres Bengkulu”
Salah,Video AI Soeharto Kampanye untuk Golkar
Salah,Klaim Gelombang Kedatangan Pengungsi Rohingya untuk Menangkan Calon Tertentu dalam Pemilu 2024
Salah,Hasil Exit Poll Pemilu 2024 di Taiwan Menangkan Prabowo-Gibran pada 14 Januari 2024
Salah,PENEMUAN GUDANG KOTAK SUARA GANDA DI MAKASSAR UNTUK KECURANGAN PEMILU 2024
Salah,Video yang Diklaim Kontainer Pengangkut Logistik Pemilu untuk Prabowo-Gibran
Salah,Klaim KPU Susupkan 52 Juta Pemilih Pemilu 2024 dalam DPS 
Salah,“Warga Makassar Garang Terhadap Kecurangan Pemilu pak RT Dilabrak Bawaslu Menghilang”
Salah,Klaim tentang Truk Logistik Pemilu yang Terguling di Semarang Tanpa Pengawalan
Salah,KPU Coret Gibran sebagai Cawapres dan Jatuhkan Denda Rp 50 Miliar
Benar,Video WNI di Taiwan Telah Mendapat Surat Suara Pemilu 2024
Benar,"Klaim Anies Baswedan bahwa Kenaikan Gaji TNI Era SBY Sebanyak 9 kali, Era Jokowi Hanya 3 Kali"
Benar,"Klaim Anies tentang Lebih dari 160 Ribu Orang Meninggal Bukan karena Serangan Militer, Tapi karena Virus"
Benar,"CEK FAKTA : Anies Sebut SBY Lebih Sering Naikkan Gaji PNS Dibandingkan Jokowi, Ini Datanya"
Benar,"Ganjar Pranowo Sebut Global Peace Index Indonesia Turun, Benarkah?"
Salah,Klaim Indonesia Tidak Pernah Gagal Bayar Utang Luar Negeri
Salah,Klaim Ada Empat Fakultas Baru di Universitas Pertahanan
Benar,Klaim Anies Baswedan bahwa Tiongkok Memanfaatkan Beberapa Negara di ASEAN untuk Mempertahankan Pengaruhnya di Laut Cina Selatan
Salah,Klaim Anies Terkait Anggaran Kementerian Pertahanan Rp 700 Triliun untuk Beli Alutsista Bekas
Benar,Klaim Anies soal Indonesia Alami Lebih Dari 800 Juta Serangan Digital
Benar,Ganjar Pranowo Sebut Target Minimum Essential Force Tahun 2024 Tidak Tercapai
Salah,Anies Baswedan Utang Indonesia Belum Ideal karena Rasio Utang Terhadap GDP Masih Lebih 30 Persen
Benar,"Bawa Nama Jokowi, Anies Sebut Prabowo Punya 340 Ribu Hektare Lahan"
Benar,Klaim Anies Baswedan bahwa Tiongkok Memanfaatkan Beberapa Negara di ASEAN untuk Mempertahankan Pengaruhnya di Laut Cina Selatan
Benar,"Ganjar Pranowo Sebut Pengambilan Keputusan di ASEAN Rumit dan Harus Konsensus, Benarkah?"
Benar,Klaim Indonesia Tidak Pernah Gagal Bayar Utang Luar Negeri
Benar,Ganjar Pranowo Sebut Tahun 2023 Tidak Ada Aksi Terorisme di Indonesia. Benarkah?
Benar,Prabowo Subianto Sebut Politik Bebas Aktif Jaga Keamanan Indonesia
Benar,Anies: Lebih dari Separuh Tentara Tidak Punya Rumah Dinas
Salah,Klaim Anies Terkait Anggaran Kementerian Pertahanan Rp 700 Triliun untuk Beli Alutsista Bekas
Benar,Prabowo Sebut Membuka Empat Fakultas Baru Bidang Sains Teknologi dan Matematika
Benar,Ganjar Pranowo Sebut Anggaran Pertahanan Indonesia Belum Mencapai 2 Persen PDB
Benar,Klaim Anies soal Indonesia Alami Lebih Dari 800 Juta Serangan Digital
Benar,Ganjar: Anggaran Pertahanan Indonesia Tak Sampai 2 Persen dari PDB
Benar,Klaim Ada Empat Fakultas Baru di Universitas Pertahanan
Benar,"Anies Sebut 4,8 Juta Orang Indonesia Terpapar Narkoba"
Salah,PAN dan Golkar Beralih Dukungan karena Prabowo Curang
Salah,Video Anggota DPD dan Bacaleg PAN Mundur karena Zulhas Mengolok-olok Shalat
Salah,Ditemukan Gudang Kotak Suara Ganda di Makassar untuk Kecurangan Pemilu
Salah,SELURUH DPP DAN BACALEG PAN MENGUNDURKAN DIRI DARI PEMILU 2024 AKIBAT KETUM ZULHAS YANG MENGOLOK-OLOK SHOLAT
Salah,Ditemukan KK Manipulatif yang Berisi 1300 Orang Jelang Pemilu 2024
Salah,Video yang Diklaim Penemuan Gudang Kotak Suara Ganda di Makassar untuk Kecurangan Pemilu 2024
Salah,Video yang Diklaim Manipulasi Kartu Keluarga Berisi Ribuan Nama untuk Kecurangan Pemilu 2024
Salah,Klaim Muhaimin tentang Utang Luar Negeri yang Terlampau Banyak dan Membebani APBN
Salah,File APK Daftar PPS Pemilu 2024
Salah,Klaim Mahfud MD tentang 1 Persen Orang Kuasai 75 Persen Lahan di Indonesia
Salah,Klaim Muhaimin soal Ketimpangan Ekonomi karena Kekayaan 100 Orang Setara di Atas 100 Juta Jumlah Penduduk
Salah,Klaim Muhaimin tentang Pengembangan Kota dengan Tingkatkan Anggaran seperti Investasi di Pontianak
Salah,Klaim Gibran tentang Masalah Pencurian Data dengan Penguatan Keamanan Digital
Benar,Klaim Gibran soal Pertumbuhan Ekonomi Indonesia Rata-rata 5 Persen
Salah,Klaim Muhaimin tentang Pengembangan Kota dengan Tingkatkan Anggaran seperti Investasi di Pontianak
Benar,Gibran Sebut Sejumlah Sektor Ekonomi Halal Indonesia Masuk 10 Besar Dunia
Benar,Muhaimin: Indonesia Punya Potensi Jadi Pusat Ekonomi Syariah Dunia
Benar,Muhaimin Iskandar Sebut 20 Persen APBN untuk Bayar Utang Luar Negeri
Salah,"Mahfud MD Sebut 1 Persen Penduduk RI Kuasai 75 Persen Lahan, Apa Benar?"
Benar,Gibran Rakabuming Sebut Hilirisasi Tingkatkan Ekspor hingga 33 Miliar USD
Benar,Gibran Sebut Cak Imin Pernah Ikut Potong Tumpeng Peresmian IKN
Salah,Mahfud MD sebut belum ada investor yang masuk IKN
Benar,Mahfud MD Sebut Kasus Pinjol Masuk Hukum Perdata
Benar,Cak Imin sebut angka pengangguran di Indonesia capai delapan juta
Benar,Klaim Gibran soal Pertumbuhan Ekonomi Indonesia Rata-rata 5 Persen
Benar,Mahfud MD: Pulau Madura Kaya Gas Alam tapi Tidak Dioptimalkan
Salah,Manipulasi KTP dan NPWP Ganda pada Pemilu 2024
Salah,KPU Adakan Debat Bagi Istri Capres dan Cawapres di Pemilu 2024
Salah,Narasi tentang Pengungsi Rohingya Berpotensi Tambah Pemilih Pada Pemilu 2024
Salah,“Capres No. 1 Akan Mengumumkan Bahwa Seluruh Partai Pendukungnya Akan  Mundur dari Kabinet”
Salah,Tidak Ada Debat Istri Capres di Pemilu 2024
Salah,Klaim tentang Ribuan WNA Cina Mendapat E-KTP untuk Pemilu 2024
Salah,Hoaks Temuan KK Manipulatif Indikasikan Kecurangan Pemilu
Salah,"Megawati Serahkan Tumpeng ke Jokowi, Bersatu Dukung Ganjar"
Salah,Bawaslu Coret Gibran dari Daftar Cawapres
Salah,Klaim Anies Rakyat Tidak Percaya Proses Demokrasi di Indonesia
Benar,Klaim Anies Baswedan soal Indeks demokrasi dan Kebebasan Berbicara di indonesia Menurun
Benar,Ribuan Anak Bangsa Mengkritik Pemerintah Dihadapi dengan Kekerasan
Benar,Anies Baswedan Singgung Soal Kematian Harun Al Rasyid
Benar,Anies Sebut Laporan Mega Suryani Tidak Diperhatikan
Benar,Cek Fakta Debat Capres: Prabowo Taruh Isu Hukum & HAM Paling Atas di Visi Misi
Salah,"Megawati Serahkan Tumpeng ke Jokowi, Bersatu Dukung Ganjar"
Salah,Bawaslu Coret Gibran dari Daftar Cawapres
Salah,Anies Baswedan Berperilaku Tidak Sopan Terhadap Jusuf Kalla
Salah,Presiden Joko Widodo Bebaskan Pajak Perusahaan Cina Selama 30 Tahun  
Salah,Klarifikasi Judul Artikel Ribuan Akun Palsu Asal China Ingin Kacaukan Pemilu 2024
Salah,Video tentang Uang Suap dari Komunis Cina untuk Kecurangan Pemilu
Salah,Video yang Tampilkan Sejumlah Sampul Majalah Tempo Tentang Politik Dinasti  
Salah,Hindari Bawaslu Minta Masyarakat untuk Cek Fakta selama Masa Kampanye Pemilu 2024
Salah,825 TKA Cina Operator Kereta Cepat Jakarta-Bandung Ikut Pilpres  
Salah,Inpres Nomor 02 Tahun 2023 Bentuk Komunis Gaya Baru
Salah,Konten Berisi Klaim bahwa Anggota KPPS Pemilu 2019 Meninggal Karena Diracun PKI
Salah,Video Berisi Klaim KPU Telah Merilis Surat Suara Pilpres 2024 sejak Oktober 2023
Salah,Klarifikasi Video Gibran Bagikan Amplop Berisi Uang
Salah,"Tirto dan Kurawal Terbitkan E-Book Berjudul “Lupakan Netralitas Korbankan Korban Sejawat"""
Salah,"Mahfud MD Ngamuk di Istana Negara
"
Salah,Poster Berlogo Bawaslu Soal Larangan Terlibat Politik Praktis
Salah,Pemilu 2024 Tidak Ada Debat Capres-Cawapres
Salah,"Jokowi Merencanakan Kecurangan Pemilu 2024,  Mengintruksikan Aparat Desa Memenangkan Salah Satu Capres"
Salah,KPU Jatuhkan Denda dan Pidana Kepada Gibran Serta Dicoret dari Cawapres
Salah,Pidato Kim Jong-un tentang perang Israel-Palestina
Salah,"Tangkal Hoaks Pemilu 2024, AMSI Beri Pelatihan Cek Fakta kepada 30 Jurnalis"
Salah,Cincin Lancip Perusak Lembar Pungutan Suara Pemilu 2024
Salah,IDI: Kematian Petugas KPPS PEMILU 2019 Bukan Karena Kelelahan tapi Karena DIRACUN
Salah,"Tangkal Hoaks Pemilu 2024, Komako UGM Gelar Pelatihan Cek Fakta "
Salah,Fact Checker UI: Berawal dari Pelatihan Cek Fakta hingga Raih Mafindo Award
Salah,Koalisi Cek Fakta Mulai Petakan Data Hoaks Jelang Pemilu 2024
Salah,“SKENARIO PEMILU 2024 adalah HARUS/BAKAL CURANG”
Salah,Video Prabowo Deklarasikan Mahfud MD Sebagai Cawapres di Pemilu 2024
Salah,Partai Komunis Cina Biayai Kampanye Ganjar Sebesar Rp200 Juta serta Adanya Kampanye dan Petunjuk Pemilu Berbahasa Mandarin
Salah,Video Prabowo Deklarasikan Mahfud MD Sebagai Cawapres di Pemilu 2024
Salah,Video TVOne Siarkan Jokowi akan Maju jadi Cawapres di Pemilu 2024
Salah,“MAHFUD MD TUNTUT 5 MILIAR KE MK AKIBAT PENUNDAAN PEMILU”
Salah,PENCURIAN FORMULIR C1 UNTUK PEMILU 2024
Salah,"Jelang Pemilu Parlemen, Dewan Pers Timor Leste Luncurkan Situs dan Tim Cek Fakta"
Salah,Hoaks Artikel Sebut PDIP Tak Butuh Suara Umat Islam dalam Pemilu
Salah,"Video “INI DATA KPU HASIL PEMILU 2024, pemungutan suara belum dilakukan, hasilnya sudah ditentukan”"
Salah,"Tangkapan Layar Artikel Berjudul “Suara Melimpah, PDI Perjuangan Tak Butuh Suara Umat Islam dalam Pemilu”"
Salah,Ini Kartu Pemilih Pemilu 2024
Salah,Prabowo Bawa Ribuan Pasukan Tuntut Istana Tolak Penundaan Pemilu
Salah,MOBIL HAKIM DIBAKAR AKIBAT TUNDA PEMILU 2024
Salah,PKI Anggarkan 5 Triliun untuk Jokowi 3 Periode
Salah,Kolonel TNI Aktif Mempertanyakan Kampanye dan Tata Cara Pencoblosan Berbahasa Mandarin
Salah,"Gambar Tangkapan Layar Artikel Fajar.co.id “8 Parpol Nyatakan Tolak system Pemilu Proporsional Tertutup Hasti Kristiyanto Bilang ; Jangan sekali kali intervensi MK Ketua MK itu Ipar Pak Jokowi, kalian bosa sengsara apapun kami bisa lakukan”"
Salah,Hoaks Pesan Berantai Tulisan Prof Yusril Ihza Mahendra Terkait Kondisi Indonesia
Salah,Ribuan WNA China Diberi KTP Elektronik Untuk Pemilu 2024
Salah,"Prihatin akan Hoaks Pemilu, Pegiat Cek Fakta Liputan6.com Sambangi Bawaslu Magelang"
Salah,Infografis Waspada Hoaks pada Hari Pemungutan Suara Pemilu 2024
Salah,dalam Foto ini Megawati Restui Ganjar Maju Jadi Capres 2024
Salah,Demo Memprotes Kecurangan Hasil Pemilu di Brasilia pada 12 November 2022
Salah,Kabar 5000 Kader Partai Nasdem Mengundurkan Diri Usai Usung Anies Baswedan Jadi Capres 2024
Salah,Narasi 5 Ribu Kader Nasdem Mengundurkan Diri
Salah,Bentengi Generasi Muda dari Edukasi Cek Fakta Sasar Siswa dan Mahasiswa
Salah,"“KENAPA ADA ISTILAH KADRUN, TERNYATA KALIMAT ITU DARI GOLONGAN PKI BERNAMA NYOTO..”"
Salah,"Artikel Berjudul, “Optimis Menang Pemilu 2024, Puan: Kita Bersama Wong Licik”"
Salah,KTP dan NPWP Ganda Untuk Persiapan 2024
Salah,Pidato Surya Paloh Dalam Rangka Mendukung Anies Baswedan untuk Pemilu 2024
Salah,Megawati Resmi Tunjuk Ganjar Pranowo Sebagai Calon Presiden Untuk Pemilu 2024
Salah,Kutipan Ucapan Stalin tentang Pemilu
Salah,Partai Islam Belgia Meminta Belgia Mengadopsi Hukum Syariah Jika Menang di Pemilu 2024
Salah,TKA Cina Mengambil Bagian dalam Pengamanan Demonstrasi Mahasiswa 11 April 2022
Salah,Imigran Ilegal di Amerika Serikat Mendapatkan Kebebasan Lebih Untuk Akses Jaminan Kesehatan dan Hak Memilih Pada 2022
Salah,Warga Korea Selatan yang Belum Vaksin Tidak Dapat Mengikuti Pemilu
Salah,Pesan Obama untuk Pemilu Presiden Kenya 2022
Salah,Klaim Ini Video Pawai Kemenangan Gibran di Pilkada Solo
Salah,Joe Biden Tak Pernah Sebut Orang Kristen Langgar Hak LGBT Hanya dengan Mereka Ada
Salah,Benarkah Komisioner KPU dan Bawaslu Kumpul di PDIP untuk Menangkan Jokowi dalam Pilpres 2019?
Salah,Hidayat Nur Wahid Akui PKS Tak Menganut Asas Pancasila
Salah,“kesimpulan Rob Oswald: COVID 19 adalah khayalan dan fiktif”
Salah,Pemasangan Barcode pada Badan Manusia
Salah,SBY Berikan Komentar Kemenangan terkait Pemilu AS
Salah,"Gambar Sampul Majalah TIME Berjudul ""Time to go"""
Salah,Video Kecurangan Penghitungan Suara dalam Pemilu Presiden Amerika Serikat 2020
Salah,"“PILKADA JANGAN DITUNDA, PILPRES TUNDA 7 TAHUN LAGI”"
Salah,"Foto “Lagi Curhat Sihh, Tapi Gak Kedengaran Ngmong Apa”"
Salah,"Festival Layang-Layang KPU-Bawaslu, Sosialisasi Pilkada 2020 di Depok"
Salah,"“PILPRES 2024 DIBATALKAN, ditunda sampai 2029”"
Salah,"“MPR dan KPU Sepakat Jokowi Lanjut Sampai 2027? Bagaimana Rakyat, Akan Diam Saja?”"
Salah,“Proses Pemilu dimasa Corona hanya menguntungkan petahana”
Salah,Arief Budiman Mengaku Disuap Megawati Rp. 2 Triliun
Salah,“Arief Budiman : Saya Siap Di Kutuk Menjadi Batu Jika KPU Curang”
Salah,"Pemilu Belum Dilaksanakan, Tapi Sudah Tau Menang"
Salah,Pengumuman KPU Sebelum tanggal 22 Mei Tidak Sah
Salah,“Viralkan Berulang – ulang karena Ini Masalah Nyawa”
Salah,Video “Siaran Kecurangan Pilpres TV Al Jazeera”
Salah,“Coba itu….dibayar brapa emak emak ini brani berbuat spt itu…urusan capres gak inget sama hijab”
Salah,Saksi PKS Pekanbaru Bernama Hatta Zalliyus Dirawat di Rumah Sakit karena Keracunan Cyanida
Salah,“Menag nya Saja Bilang mesti DIRANGKUL”
Salah,Sekjen PBB Ucapkan Selamat pada Prabowo Atas Terpilihnya Menjadi Presiden RI
Salah,Segerombolan WNA Cina Berseragam Tentara dan Bersenjata di Kalimantan Utara
Salah,Erdogan Tidak Pernah Akui Kemenangan Jokowi
Benar,Pria yang Teriak Akan Bakar Jakarta Beri Klarifikasi di Kantor polisi
Salah,Warga madura potong tangan pelaku kecurangan yang mencoblos 100 surat suara pemilu 2019
Salah,Video Emak-Emak Labrak Gudang KPU Jombang Jatim
Salah,"Kertas suara Pemilu dibakar seperti sampah di Papua, kecurangan ini mau didiamkan karena dilindungi oleh aparat dan pejabat?"
Benar,"Komisioner KPU, Ilham Saputra adalah adik kandung Yuga Aden, Tim Komunikasi Badan Pemenangan Nasional (BPN)"
Salah,Ketua KPU Umroh ‘Bareng’ Jokowi
Salah,Habib Rizieq Shihab Serukan Coblos Jokowi
Salah,"""Quick Count"" Disebut Bentuk Kecurangan Hasil Pemilu"
Salah,Ada TPS Tawarkan Doorprize Cincin Berlapis Emas?
Salah,"Jika Mencoblos Gambar Partai, Calon Presiden Akan Kalah"
Salah,Pejabat dan Caleg Terjerat OTT Politik Uang
Salah,Himbauan Membawa Kertas Contekan ke Bilik Suara
Salah,Jokowi Menang 80 Persen Suara di Luar Negeri dalam Pilpres 2014
Salah,"Pemilu Di Australia Pendukung 02 Tidak Boleh Masuk, Alasan Waktu Sudah Habis"
Salah,Jokowi Mau Temui Rizieq di Mekkah
Salah,Media Sosial dan Aplikasi Pesan Dipantau Dimasa Tenang Pemilu 2019
Salah,Samsul Bahri Ketua KPPS Sydney Pro 02
Salah,Pembuatan KTP Orang Gila Demi Ambisi Kekuasaan
Salah,Meninggalnya Mantan Ketua KPU Husni Kamil Terkait Pilpres 2014?
Salah,Anggaran Pemilu 2019 meningkat tapi kotak suara pakai kardus
Salah,“Hasil perhitungan sementara diluar negri luarbiasa”
Benar,Jokowi : Masa depan akan dilanda dengan perang teknologi
Salah,“Pasukan asing akan masuk NKRI melindungi warga asing”
Salah," Beredar Video Koin PSI yang Menyandang Logo PKI, Ini Faktanya"
Salah,“mengintimidasi ASN bawahannya”
Benar,Jokowi Sebut Enam Caleg Eks Koruptor dari Gerindra
Salah, Video PANWASLU dan KPU Dibuka Belangnya oleh Anggotanya Sendiri
Benar," “Bantah Nomor Urut 01 Untungkan Jokowi-Ma’ruf dalam Komputer Sistem Biner, KPU Tegaskan Perhitungan Suara Dilakukan Secara Manual”"
Benar, “Klarifikasi Kemendagri dan KPU Terkait 31 Juta Data Pemilih yang Disebut Misterius dan Tidak Bisa Dibuka”
Benar, Penjelasan Bawaslu dan KPU terkait Kabar Pasien Pengidap Gangguan Jiwa Boleh Nyoblos dalam Pemilu 2019
Salah, “Simulasi orang Gila di bawa ke TPS saat pemilu nanti”
Salah,Putusan Mahkamah Konstitusi Terkait Pilkada Sampang
Salah," Hasil Scanning Port ""Bolong"""
Salah,Disinformasi Jari Pemilu Untuk Pilkada
Salah," ""Hebatnya Kepolisian Malaysia"""
